mfcc_1,mfcc_2,mfcc_3,mfcc_4,mfcc_5,mfcc_6,mfcc_7,mfcc_8,mfcc_9,mfcc_10,mfcc_11,mfcc_12,target
95.6278076171875,25.05987548828125,22.85478973388672,-0.731093168258667,-5.2541375160217285,17.515886306762695,0.8151423335075378,-4.935625076293945,-8.332759857177734,-5.259542942047119,-0.48827889561653137,-3.075273036956787,speaker
