mfcc_1,mfcc_2,mfcc_3,mfcc_4,mfcc_5,mfcc_6,mfcc_7,mfcc_8,mfcc_9,mfcc_10,mfcc_11,mfcc_12,target
76.63488006591797,-35.57366943359375,0.9018716216087341,1.0354868173599243,-1.281803846359253,6.928274631500244,-4.127173900604248,-2.424809217453003,18.598608016967773,2.5629496574401855,-7.762445449829102,-4.133974075317383,speaker
