mfcc_1,mfcc_2,mfcc_3,mfcc_4,mfcc_5,mfcc_6,mfcc_7,mfcc_8,mfcc_9,mfcc_10,mfcc_11,mfcc_12,target
102.61701965332031,9.448318481445312,17.497360229492188,3.9108595848083496,-3.790102481842041,-2.9195609092712402,-2.9387993812561035,-5.002685070037842,-3.4672343730926514,-9.262277603149414,-7.361680507659912,-1.648582100868225,speaker
