mfcc_1,mfcc_2,mfcc_3,mfcc_4,mfcc_5,mfcc_6,mfcc_7,mfcc_8,mfcc_9,mfcc_10,mfcc_11,mfcc_12,target
68.4649658203125,-14.6878080368042,11.549400329589844,11.087450981140137,1.5664677619934082,2.810673475265503,8.182684898376465,3.8978402614593506,15.18900203704834,3.21976375579834,1.5955791473388672,3.914682149887085,speaker
