mfcc_1,mfcc_2,mfcc_3,mfcc_4,mfcc_5,mfcc_6,mfcc_7,mfcc_8,mfcc_9,mfcc_10,mfcc_11,mfcc_12,target
66.81932830810547,-44.6397819519043,6.968441009521484,1.3464603424072266,-8.18911075592041,-10.383431434631348,6.630220890045166,-0.9381095767021179,3.668785572052002,7.857449531555176,5.905248165130615,-2.5036656856536865,speaker
